Date,AAPL,MSFT,NVDA,VFV.TO
2024-01-02,183.40402221679688,363.1179504394531,48.02878952026367,109.06952667236328
2024-01-03,182.03074645996094,362.85357666015625,47.431522369384766,108.38850402832031
2024-01-04,179.7189178466797,360.24920654296875,47.85928726196289,108.0285415649414
2024-01-05,178.99771118164062,360.06317138671875,48.95510482788086,108.27176666259766
2024-01-08,183.32496643066406,366.85809326171875,52.101985931396484,109.74080657958984
2024-01-09,182.9100341796875,367.9350891113281,52.986419677734375,109.93539428710938
2024-01-10,183.9473876953125,374.7691650390625,54.192928314208984,110.39263916015625
2024-01-11,183.3546142578125,376.59033203125,54.66355895996094,110.48018646240234
2024-01-12,183.68063354492188,380.35003662109375,54.551883697509766,110.65531158447266
2024-01-16,181.41822814941406,382.1124572753906,56.21905517578125,111.0152816772461
2024-01-17,180.47964477539062,381.3291931152344,55.89101028442383,110.4996566772461
2024-01-18,186.3580322265625,385.6371765136719,56.94195556640625,111.33634185791016
2024-01-19,189.25270080566406,390.33685302734375,59.31907653808594,112.15354919433594
2024-01-22,191.55462646484375,388.22198486328125,59.48160171508789,112.90266418457031
2024-01-23,192.8291015625,390.5619812011719,59.6999626159668,113.04859924316406
2024-01-24,192.15731811523438,394.1455383300781,61.184669494628906,113.64205932617188
2024-01-25,191.83126831054688,396.4072265625,61.43891906738281,113.81716918945312
2024-01-26,190.10232543945312,395.48687744140625,60.8546142578125,113.47667694091797
2024-01-29,189.42063903808594,401.1559143066406,62.28447341918945,114.07012176513672
2024-01-30,185.7751007080078,400.0494689941406,62.59257125854492,113.92420196533203
2024-01-31,182.17892456054688,389.2696228027344,61.34918212890625,112.39676666259766
2024-02-01,184.60931396484375,395.340087890625,62.8448486328125,113.3696517944336
2024-02-02,183.61148071289062,402.6245422363281,65.96879577636719,115.16946411132812
2024-02-05,185.41944885253906,397.1709289550781,69.13162994384766,115.57808685302734
2024-02-06,187.01992797851562,397.0142517089844,68.02584075927734,115.33485412597656
2024-02-07,187.12860107421875,405.3953552246094,69.89640808105469,116.08399200439453
2024-02-08,186.05172729492188,405.45404052734375,69.43972778320312,116.16181182861328
2024-02-09,186.8134307861328,411.7594909667969,71.92454528808594,116.80390930175781
2024-02-12,185.13174438476562,406.580078125,72.03919982910156,116.6677017211914
2024-02-13,183.04452514648438,397.8269348144531,71.91956329345703,116.05479431152344
2024-02-14,182.1641082763672,401.672119140625,73.68643951416016,116.99848937988281
2024-02-15,181.87722778320312,398.79803466796875,72.4480209350586,117.0568618774414
2024-02-16,180.3439483642578,396.3457946777344,72.40313720703125,116.61907958984375
2024-02-20,179.60203552246094,395.1000061035156,69.25126647949219,116.22018432617188
2024-02-21,180.35385131835938,394.501708984375,67.27700805664062,116.25911712646484
2024-02-22,182.38172912597656,403.7908630371094,78.31101989746094,118.49673461914062
2024-02-23,180.55166625976562,402.5058898925781,78.58922576904297,118.79833221435547
2024-02-26,179.20635986328125,399.7593078613281,78.8634262084961,118.32160949707031
2024-02-27,180.66050720214844,399.70050048828125,78.47354888916016,118.79833221435547
2024-02-28,179.4635467529297,399.93585205078125,77.43855285644531,118.96371459960938
2024-02-29,178.80078125,405.742919921875,78.88336944580078,119.53770446777344
2024-03-01,177.72251892089844,407.5673522949219,82.04121398925781,120.43275451660156
2024-03-04,173.21173095703125,406.9984436035156,84.99064636230469,120.48139953613281
2024-03-05,168.28541564941406,394.9626770019531,85.71958923339844,119.36259460449219
2024-03-06,167.2961883544922,394.41339111328125,88.44779968261719,119.35284423828125
2024-03-07,167.17747497558594,401.3287658691406,92.405517578125,120.02413940429688
2024-03-08,168.8888397216797,398.46453857421875,87.27913665771484,119.6058120727539
2024-03-11,170.88705444335938,396.7969970703125,85.53012084960938,119.37230682373047
2024-03-12,171.36187744140625,407.3515930175781,91.65167236328125,120.7538070678711
2024-03-13,169.28451538085938,407.1749572753906,90.62957000732422,120.3451919555664
2024-03-14,171.1343536376953,417.1018371582031,87.69395446777344,120.63706970214844
2024-03-15,170.75845336914062,408.4698181152344,87.58726501464844,119.92686462402344
2024-03-18,171.84658813476562,409.3526611328125,88.20349884033203,120.64679718017578
2024-03-19,174.18115234375,413.36456298828125,89.1438217163086,121.48346710205078
2024-03-20,176.74319458007812,417.1116027832031,90.11505889892578,121.89207458496094
2024-03-21,169.5219268798828,421.172607421875,91.17501831054688,122.67037200927734
2024-03-22,170.42213439941406,420.5545959472656,94.02090454101562,123.29473876953125
2024-03-25,169.0075225830078,414.78680419921875,94.73188018798828,122.63134765625
2024-03-26,167.87982177734375,413.59991455078125,92.29782104492188,122.32891845703125
2024-03-27,171.44100952148438,413.3841247558594,89.99340057373047,123.21670532226562
2024-03-28,169.6307373046875,412.68768310546875,90.0990982055664,123.05085754394531
2024-04-01,168.19635009765625,416.4642639160156,90.1060791015625,123.12890625
2024-04-02,167.01919555664062,413.39398193359375,89.1976547241211,122.26062774658203
2024-04-03,167.8204803466797,412.4228820800781,88.7110595703125,122.04600524902344
2024-04-04,166.99945068359375,409.9019470214844,85.6607437133789,120.68017578125
2024-04-05,167.75123596191406,417.39605712890625,87.75777435302734,122.3679428100586
2024-04-08,166.63343811035156,416.4837951660156,86.88525390625,122.30941009521484
2024-04-09,167.8402557373047,418.14154052734375,85.11129760742188,122.3679428100586
2024-04-10,165.97064208984375,415.1792297363281,86.7915267944336,122.07527160644531
2024-04-11,173.15232849121094,419.76007080078125,90.35836029052734,123.09963989257812
2024-04-12,174.6460723876953,413.84515380859375,87.93527221679688,122.2508773803711
2024-04-15,170.82769775390625,405.742919921875,85.75648498535156,120.7777328491211
2024-04-16,167.55340576171875,406.6649169921875,87.16645050048828,120.97286224365234
2024-04-17,166.1882781982422,403.9772033691406,83.79607391357422,119.70458221435547
2024-04-18,165.23861694335938,396.5517578125,84.43024444580078,119.42168426513672
2024-04-19,163.2206268310547,391.5000915527344,75.98333740234375,118.2119369506836
2024-04-22,164.05157470703125,393.3049621582031,79.29190063476562,118.97290802001953
2024-04-23,165.10012817382812,399.7887878417969,82.18865203857422,119.90946960449219
2024-04-24,167.197265625,401.25030517578125,79.45046997070312,120.28018951416016
2024-04-25,168.0579071044922,391.4216613769531,82.39706420898438,119.44119262695312
2024-04-26,167.47427368164062,398.56256103515625,87.48555755615234,120.65090942382812
2024-04-29,171.62896728515625,394.5702819824219,87.50748443603516,120.97286224365234
2024-04-30,168.49313354492188,381.89697265625,86.15633392333984,120.05580139160156
2024-05-01,167.47427368164062,387.3998718261719,82.80487823486328,119.5582504272461
2024-05-02,171.16403198242188,390.2445373535156,85.57301330566406,119.85092163085938
2024-05-03,181.40240478515625,398.8960876464844,88.53655242919922,121.45088195800781
2024-05-06,179.75045776367188,405.64483642578125,91.87801361083984,122.57282257080078
2024-05-07,180.4329833984375,401.5249328613281,90.2965316772461,123.31427001953125
2024-05-08,180.76934814453125,402.70208740234375,90.15494537353516,123.34354400634766
2024-05-09,182.57957458496094,404.4481506347656,88.49466705322266,123.49962615966797
2024-05-10,181.3215789794922,406.8218994140625,89.62245178222656,123.69475555419922
2024-05-13,184.5210723876953,405.8212890625,90.14197540283203,123.62644958496094
2024-05-14,185.66021728515625,408.6070861816406,91.09625244140625,124.02645111083984
2024-05-15,187.92861938476562,415.7511901855469,94.36094665527344,125.16787719726562
2024-05-16,188.04745483398438,413.6973876953125,94.09072875976562,124.98251342773438
2024-05-17,188.07717895507812,412.9309387207031,92.21605682373047,125.07032012939453
2024-05-21,190.53375244140625,421.6079406738281,95.11479187011719,125.88982391357422
2024-05-22,189.0974578857422,423.0622863769531,94.68001556396484,125.85078430175781
2024-05-23,185.11538696289062,419.603271484375,103.5038833618164,125.37274169921875
2024-05-24,188.18612670898438,422.70855712890625,106.16629791259766,125.63616943359375
2024-05-28,188.196044921875,422.86578369140625,113.5771484375,125.50932312011719
2024-05-29,188.49322509765625,421.7357177734375,114.49852752685547,125.19715881347656
2024-05-30,189.4837646484375,407.48687744140625,110.1858139038086,124.14351654052734
2024-05-31,190.43472290039062,407.93890380859375,109.3212890625,124.70935821533203
2024-06-03,192.1978759765625,406.35675048828125,114.67301940917969,124.92398834228516
2024-06-04,192.51486206054688,408.86260986328125,116.1059341430664,125.45079803466797
2024-06-05,194.02053833007812,416.66510009765625,122.09186553955078,127.06053924560547
2024-06-06,192.64364624023438,417.1662902832031,120.65396118164062,126.84590911865234
2024-06-07,195.03091430664062,416.50787353515625,120.54429626464844,127.56782531738281
2024-06-10,191.29647827148438,420.4582214355469,121.44371032714844,127.93856048583984
2024-06-11,205.1940155029297,425.1849060058594,120.57612609863281,128.18243408203125
2024-06-12,211.05813598632812,433.4197082519531,124.8542709350586,129.07025146484375
2024-06-13,212.21707153320312,433.93072509765625,129.25209045410156,129.50924682617188
2024-06-14,210.4835968017578,434.9035949707031,131.51585388183594,129.4214630126953
2024-06-17,214.62413024902344,440.60308837890625,130.6183319091797,130.32875061035156
2024-06-18,212.26657104492188,438.6082763671875,135.20562744140625,130.5726318359375
2024-06-20,207.70013427734375,437.9794006347656,130.4188690185547,129.90924072265625
2024-06-21,205.53082275390625,441.98870849609375,126.22049713134766,129.86045837402344
2024-06-24,206.17466735839844,439.91522216796875,117.78385162353516,129.09950256347656
2024-06-25,207.0959014892578,443.1384582519531,125.74180603027344,129.63609313964844
2024-06-26,211.23643493652344,444.3274230957031,126.05096435546875,130.27020263671875
2024-06-27,212.07843017578125,445.0055236816406,123.6476058959961,130.16287231445312
2024-06-28,208.6312255859375,439.20770263671875,123.19886016845703,129.592529296875
2024-07-02,218.19012451171875,451.3241271972656,122.33126068115234,130.6393585205078
2024-07-03,219.4580535888672,452.7882995605469,127.92579650878906,131.03070068359375
2024-07-05,224.20278930664062,459.460693359375,125.4825439453125,131.59811401367188
2024-07-08,225.66885375976562,458.1634826660156,127.8459701538086,131.89163208007812
2024-07-09,226.52072143554688,451.57965087890625,131.01722717285156,131.87208557128906
2024-07-10,230.7801055908203,458.17340087890625,134.5374755859375,133.1341552734375
2024-07-11,225.42120361328125,446.823486328125,127.0482177734375,132.12644958496094
2024-07-12,228.3631591796875,445.6933898925781,128.8831329345703,132.71347045898438
2024-07-15,232.18670654296875,446.0962829589844,128.0853271484375,133.5841827392578
2024-07-16,232.60275268554688,441.733154296875,126.01107025146484,134.36685180664062
2024-07-17,226.71884155273438,435.8371276855469,117.6641845703125,132.82106018066406
2024-07-18,222.0631866455078,432.74169921875,120.75562286376953,132.009033203125
2024-07-19,222.1919708251953,429.5381774902344,117.60435485839844,131.25572204589844
2024-07-22,221.8452911376953,435.26715087890625,123.19886016845703,132.8993377685547
2024-07-23,222.88539123535156,437.14410400390625,122.25147247314453,132.83087158203125
2024-07-24,216.47645568847656,421.47039794921875,113.93451690673828,130.1110382080078
2024-07-25,215.43641662597656,411.1522216796875,111.96995544433594,129.56317138671875
2024-07-26,215.90196228027344,417.9032897949219,112.74779510498047,131.06979370117188
2024-07-29,216.1793212890625,419.3379821777344,111.2818603515625,131.3927001953125
2024-07-30,216.73399353027344,415.593994140625,103.44356536865234,130.7078399658203
2024-07-31,219.98306274414062,411.10308837890625,116.69685363769531,132.37103271484375
2024-08-01,216.2981719970703,409.8846130371094,108.90843200683594,131.07962036132812
2024-08-02,217.7839813232422,401.41387939453125,106.97377014160156,128.6239471435547
2024-08-06,205.27325439453125,392.6877136230469,103.9621353149414,125.32689666748047
2024-08-07,207.8388214111328,391.5281677246094,98.63687896728516,124.13330841064453
2024-08-08,211.2958526611328,395.7143859863281,104.68013763427734,126.88248443603516
2024-08-09,214.19822692871094,398.9867248535156,104.46073913574219,127.40101623535156
2024-08-12,215.7254180908203,399.76300048828125,108.71895599365234,127.52821350097656
2024-08-13,219.4344024658203,406.83831787109375,115.81929779052734,129.3968505859375
2024-08-14,219.88064575195312,409.63897705078125,117.75395202636719,129.88600158691406
2024-08-15,222.8557586669922,414.482421875,122.52073669433594,132.22425842285156
2024-08-16,224.1747283935547,411.96221923828125,124.23599243164062,131.99928283691406
2024-08-19,224.01605224609375,414.97467041015625,129.64102172851562,132.801513671875
2024-08-20,224.6309051513672,418.19378662109375,126.89862060546875,132.46884155273438
2024-08-21,224.52183532714844,417.5440368652344,128.14515686035156,132.74281311035156
2024-08-22,222.6673583984375,409.0876159667969,123.39830780029297,131.78402709960938
2024-08-23,224.95816040039062,410.30841064453125,129.0127716064453,132.22425842285156
2024-08-26,225.29534912109375,407.0596618652344,126.11080169677734,131.6372833251953
2024-08-27,226.13829040527344,407.40423583984375,127.94574737548828,131.4318084716797
2024-08-28,224.61106872558594,404.2146301269531,125.26315307617188,131.02090454101562
2024-08-29,227.8837127685547,406.6954345703125,117.26527404785156,131.06005859375
2024-08-30,227.10028076171875,410.6529541015625,119.04037475585938,132.26344299316406
2024-09-03,220.92193603515625,403.0726318359375,107.70177459716797,130.1697540283203
2024-09-04,219.01788330078125,402.5410461425781,105.9167251586914,129.66098022460938
2024-09-05,220.53515625,402.0389709472656,106.9139633178711,129.1424560546875
2024-09-06,218.98812866210938,395.45306396484375,102.54605865478516,127.54776763916016
2024-09-09,219.07736206054688,399.4105224609375,106.1760025024414,128.95657348632812
2024-09-10,218.2840118408203,407.7586975097656,107.80149841308594,129.9349365234375
2024-09-11,220.8128662109375,416.4612121582031,116.58717346191406,130.98179626464844
2024-09-12,220.92193603515625,420.3595886230469,118.82117462158203,132.07752990722656
2024-09-13,220.6541748046875,423.8937683105469,118.78128051757812,132.92869567871094
2024-09-16,214.5254669189453,424.6321105957031,116.46748352050781,133.09500122070312
2024-09-17,214.99156188964844,428.3828125,115.28067016601562,133.2613525390625
2024-09-18,218.8592071533203,424.1103210449219,113.06661987304688,133.07546997070312
2024-09-19,226.97132873535156,431.8677978515625,117.55458068847656,134.7093048095703
2024-09-20,226.30690002441406,428.5009765625,115.68958282470703,134.52342224121094
2024-09-23,224.59124755859375,426.7684020996094,115.94888305664062,134.3571014404297
2024-09-24,225.48377990722656,422.495849609375,120.54653930664062,134.0342254638672
2024-09-25,224.4920654296875,425.3901062011719,123.17948150634766,134.25924682617188
2024-09-26,225.6325225830078,424.6025695800781,123.70806121826172,134.69949340820312
2024-09-27,225.90029907226562,421.3637390136719,121.07513427734375,134.81430053710938
2024-09-30,231.0670928955078,423.6082458496094,121.11502075195312,135.41261291503906
2024-10-01,224.33340454101562,414.1477355957031,116.6868896484375,133.9020538330078
2024-10-02,224.898681640625,410.64306640625,118.53195190429688,133.99032592773438
2024-10-03,223.7978515625,410.0622863769531,122.521240234375,134.3728790283203
2024-10-04,224.9185333251953,409.5897521972656,124.58570861816406,135.74612426757812
2024-10-07,219.85089111328125,403.171142578125,127.37820434570312,134.97122192382812
2024-10-08,223.8970489501953,408.2607116699219,132.5343780517578,136.5406494140625
2024-10-09,227.63577270507812,410.9679260253906,132.29498291015625,138.13951110839844
2024-10-10,227.13992309570312,409.37310791015625,134.44921875,138.16893005371094
2024-10-11,225.6622772216797,409.8456726074219,134.43927001953125,139.2283172607422
2024-10-15,231.91004943847656,412.2279968261719,131.24783325195312,139.47354125976562
2024-10-16,229.857177734375,409.6487731933594,135.35679626464844,139.74818420410156
2024-10-17,230.22412109375,410.2394714355469,136.56356811523438,140.27786254882812
2024-10-18,233.05047607421875,411.6570739746094,137.63072204589844,140.85659790039062
2024-10-21,234.51820373535156,412.2674255371094,143.32545471191406,140.95468139648438
2024-10-22,233.9033660888672,420.86163330078125,143.2057342529297,140.72909545898438
2024-10-23,228.84564208984375,417.99688720703125,139.18653869628906,139.59124755859375
2024-10-24,228.65725708007812,418.1249084472656,140.03427124023438,140.05227661132812
2024-10-25,229.4902801513672,421.49169921875,141.16123962402344,140.45443725585938
2024-10-28,231.4637451171875,419.9559326171875,140.14395141601562,140.7781524658203
2024-10-29,231.73150634765625,425.23260498046875,140.8720245361328,141.3078155517578
2024-10-30,228.19114685058594,425.8035583496094,138.9671173095703,140.6309814453125
2024-10-31,224.03591918945312,400.03070068359375,132.4047393798828,138.21798706054688
2024-11-01,221.06077575683594,403.9881896972656,135.03765869140625,139.1694793701172
2024-11-04,220.1682586669922,402.1079406738281,135.68592834472656,138.2572021484375
2024-11-05,221.59629821777344,405.0612487792969,139.5355987548828,139.2577362060547
2024-11-06,220.8723602294922,413.6456604003906,145.2203369140625,143.84829711914062
2024-11-07,225.59286499023438,418.8139953613281,148.4816131591797,144.14259338378906
2024-11-08,225.3248291015625,415.96893310546875,147.2349090576172,145.24119567871094
2024-11-11,222.61447143554688,411.5093994140625,144.87124633789062,145.52566528320312
2024-11-12,222.61447143554688,416.4512939453125,147.89315795898438,145.2216033935547
2024-11-13,223.49806213378906,418.5875549316406,145.87857055664062,145.9278106689453
2024-11-14,226.57574462890625,420.25128173828125,146.3672332763672,145.61392211914062
2024-11-15,223.37893676757812,408.54620361328125,141.60003662109375,144.09356689453125
2024-11-18,226.37718200683594,409.2944030761719,139.7749481201172,143.86795043945312
2024-11-19,226.6352996826172,411.2928771972656,146.6165771484375,143.85813903808594
2024-11-20,227.35012817382812,409.02862548828125,145.4995880126953,144.03468322753906
2024-11-21,226.87356567382812,407.26287841796875,146.27752685546875,144.75076293945312
2024-11-22,228.21385192871094,411.3367919921875,141.5701141357422,145.33929443359375
2024-11-25,231.19223022460938,413.10247802734375,135.656005859375,145.83953857421875
2024-11-26,233.366455078125,422.17755126953125,136.55361938476562,147.55612182617188
2024-11-27,233.23739624023438,417.2454528808594,134.97781372070312,146.56539916992188
2024-11-29,235.6201171875,417.7090759277344,137.88003540039062,147.48744201660156
2024-12-02,237.8638153076172,425.126953125,138.25901794433594,147.99752807617188
2024-12-03,240.90176391601562,425.343994140625,139.8846435546875,148.291748046875
2024-12-04,241.25917053222656,431.4794616699219,144.75160217285156,149.1255340576172
2024-12-05,241.28895568847656,436.60888671875,144.68179321289062,148.53700256347656
2024-12-06,241.0904083251953,437.5459899902344,142.068603515625,150.15548706054688
2024-12-09,244.9722137451172,439.9626770019531,138.4480743408203,149.54733276367188
2024-12-10,245.98487854003906,437.3092041015625,134.7178497314453,149.10594177246094
2024-12-11,244.714111328125,442.892333984375,138.94677734375,150.18490600585938
2024-12-12,246.17355346679688,443.4546203613281,136.98190307617188,150.10643005371094
2024-12-13,246.34230041503906,441.1957092285156,133.89996337890625,150.21432495117188
2024-12-16,249.2313232421875,445.45703125,131.6558074951172,150.94021606445312
2024-12-17,251.65371704101562,448.2880554199219,130.05001831054688,150.96961975097656
2024-12-18,246.2628631591797,431.44989013671875,128.57388305664062,148.01712036132812
2024-12-19,247.99032592773438,431.0947570800781,130.33924865722656,147.22259521484375
2024-12-20,252.656494140625,430.6706848144531,134.3488006591797,148.7724151611328
2024-12-23,253.4308624267578,429.3389587402344,139.3058319091797,149.67483520507812
2024-12-24,256.33978271484375,433.363525390625,139.85438537597656,151.30313110351562
2024-12-27,253.74855041503906,424.68304443359375,136.65274047851562,150.12606811523438
2024-12-30,250.38294982910156,419.06048583984375,137.1315155029297,147.86407470703125
2024-12-31,248.61578369140625,415.7757263183594,133.93984985351562,147.51004028320312
2025-01-02,242.09312438964844,412.89532470703125,137.94935607910156,147.39202880859375
2025-01-03,241.6066436767578,417.6006164550781,144.0933074951172,149.73269653320312
2025-01-06,243.23483276367188,422.0394592285156,149.04039001464844,149.2606201171875
2025-01-07,240.46495056152344,416.6338806152344,139.7746124267578,147.9624481201172
2025-01-08,240.951416015625,418.79412841796875,139.74468994140625,148.42466735839844
2025-01-10,235.1435546875,413.26031494140625,135.55563354492188,146.5855712890625
2025-01-13,232.71119689941406,411.52423095703125,132.8826141357422,146.55609130859375
2025-01-14,231.5992889404297,410.02490234375,131.41644287109375,146.3397216796875
2025-01-15,236.1562042236328,420.5203552246094,135.88478088378906,148.6803741455078
2025-01-16,226.61544799804688,418.8138732910156,133.22174072265625,149.07374572753906
2025-01-17,228.32305908203125,423.2034606933594,137.3509521484375,151.3553924560547
2025-01-21,221.0359344482422,422.6806335449219,140.46279907226562,151.2471923828125
2025-01-22,222.21737670898438,440.1402587890625,146.68655395507812,152.7322540283203
2025-01-23,222.048583984375,440.6433410644531,146.83616638183594,153.37149047851562
2025-01-24,221.1749267578125,438.029296875,142.24815368652344,152.66339111328125
2025-01-27,228.20391845703125,428.6583251953125,118.11123657226562,150.775146484375
2025-01-28,236.5434112548828,441.126708984375,128.6536865234375,152.37818908691406
2025-01-29,237.63548278808594,436.3227844238281,123.37747192382812,151.9454803466797
2025-01-30,235.87823486328125,409.35406494140625,124.32499694824219,153.38131713867188
2025-01-31,234.29965209960938,409.4231872558594,119.7569351196289,153.2042999267578
2025-02-03,226.36724853515625,405.33941650390625,116.35584259033203,152.37818908691406
2025-02-04,231.12274169921875,406.76971435546875,118.34063720703125,150.843994140625
2025-02-05,230.7951202392578,407.6772155761719,124.50452423095703,151.41441345214844
2025-02-06,231.5397186279297,410.1728515625,128.344482421875,151.78811645507812
2025-02-07,225.989990234375,404.1852722167969,129.50144958496094,150.2145538330078
2025-02-10,226.2583465576172,406.6217346191406,133.22174072265625,151.45375061035156
2025-02-11,231.1979217529297,405.852294921875,132.45376586914062,151.3750762939453
2025-02-12,235.42196655273438,403.48492431640625,130.79806518554688,150.8538055419922
2025-02-13,240.05349731445312,404.96453857421875,134.93724060058594,151.3947296142578
2025-02-14,243.10472106933594,402.8832092285156,138.48797607421875,151.3062286376953
2025-02-18,242.9755096435547,404.0767822265625,139.03651428222656,151.7979736328125
2025-02-19,243.37307739257812,409.1370849609375,138.86697387695312,152.64373779296875
2025-02-20,244.3272247314453,411.3016662597656,139.74468994140625,151.48326110839844
2025-02-21,244.04888916015625,403.4735412597656,134.07949829101562,149.43763732910156
2025-02-24,245.58941650390625,399.3124084472656,129.94032287597656,148.9950714111328
2025-02-25,245.52980041503906,393.283203125,126.2998275756836,148.83770751953125
2025-02-26,238.89064025878906,395.0920104980469,130.9376983642578,149.2016143798828
2025-02-27,235.84934997558594,387.97552490234375,119.83673095703125,147.8444061279297
2025-02-28,240.36158752441406,392.3837890625,124.59429931640625,150.47027587890625
2025-03-03,236.57489013671875,383.9823913574219,113.76260375976562,148.2082977294922
2025-03-04,234.4877166748047,384.1009826660156,115.68757629394531,146.1430206298828
2025-03-05,234.29888916015625,396.36700439453125,116.9941635131836,146.3397216796875
2025-03-06,233.89138793945312,392.2849426269531,110.28170776367188,143.399169921875
2025-03-07,237.6085205078125,388.7464599609375,112.39618682861328,144.933349609375
2025-03-10,226.08937072753906,375.7490234375,106.70106506347656,141.65841674804688
2025-03-11,219.48995971679688,376.03570556640625,108.47642517089844,140.31106567382812
2025-03-12,215.65357971191406,378.82293701171875,115.44884490966797,140.71429443359375
2025-03-13,208.39817810058594,374.3751525878906,115.28924560546875,139.33743286132812
2025-03-14,212.1848907470703,384.05157470703125,121.36392211914062,141.5994110107422
2025-03-17,212.69178771972656,384.18994140625,119.22930908203125,141.73709106445312
2025-03-18,211.38978576660156,379.0700378417969,115.1396255493164,140.39956665039062
2025-03-19,213.9241943359375,383.3201599121094,117.22434997558594,142.1796417236328
2025-03-20,212.7911834716797,382.3515319824219,118.23181915283203,141.65841674804688
2025-03-21,216.9356689453125,386.7202453613281,117.4039077758789,142.21897888183594
2025-03-24,219.3806610107422,388.51910400390625,121.10458374023438,144.3236083984375
2025-03-25,222.38217163085938,390.5749816894531,120.38639068603516,144.2449188232422
2025-03-26,220.17575073242188,385.4451904296875,113.47382354736328,142.60252380371094
2025-03-27,222.48158264160156,386.0481262207031,111.1496810913086,142.4427947998047
2025-03-28,216.5679473876953,374.4048156738281,109.39411163330078,139.57302856445312
2025-03-31,220.7720947265625,371.034423828125,108.10735321044922,141.05227661132812
2025-04-01,221.8256072998047,377.7554931640625,109.87290954589844,140.87478637695312
2025-04-02,222.52130126953125,377.70611572265625,110.14221954345703,141.92999267578125
2025-04-03,201.94784545898438,368.78082275390625,101.5439224243164,132.74871826171875
2025-04-04,187.22840881347656,355.664794921875,94.07275390625,126.24983215332031
2025-04-07,180.3507080078125,353.7077941894531,97.39437866210938,126.17094421386719
2025-04-08,171.36595153808594,350.4460754394531,96.05775451660156,124.15914916992188
2025-04-09,197.6343994140625,385.95916748046875,114.04239654541016,134.60272216796875
2025-04-10,189.25592041015625,376.92523193359375,107.29940032958984,129.06044006347656
2025-04-11,196.93869018554688,383.9428405761719,110.65095520019531,130.13534545898438
2025-04-14,201.28196716308594,383.310302734375,110.43150329589844,131.11166381835938
2025-04-15,200.90426635742188,381.2544250488281,111.9177474975586,131.82171630859375
2025-04-16,193.08241271972656,367.2982177734375,104.2271499633789,127.9066162109375
2025-04-17,195.77581787109375,363.51263427734375,101.23468780517578,127.88687896728516
2025-04-21,191.97918701171875,354.9531555175781,96.66621398925781,124.8494644165039
2025-04-22,198.5189666748047,362.5638427734375,98.64122009277344,127.83759307861328
2025-04-23,203.34925842285156,370.0460205078125,102.45162200927734,130.6580352783203
2025-04-24,207.09619140625,382.80615234375,106.16226196289062,132.9262237548828
2025-04-25,208.00064086914062,387.30340576171875,110.73074340820312,134.00115966796875
2025-04-28,208.85537719726562,386.62139892578125,108.45648956298828,133.58697509765625
2025-04-29,209.9188232421875,389.468017578125,108.74574279785156,134.5139617919922
2025-04-30,211.2009735107422,390.6738586425781,108.64599609375,134.24771118164062
2025-05-01,212.01597595214844,420.4641418457031,111.32923126220703,135.59873962402344
2025-05-02,204.0946807861328,430.2294921875,114.21197509765625,137.3738555908203
2025-05-05,197.6741485595703,431.1091613769531,113.5336685180664,136.48629760742188
2025-05-06,197.2964630126953,428.2823791503906,113.25438690185547,135.03663635253906
2025-05-07,195.05029296875,428.3218994140625,116.7655258178711,136.2989501953125
2025-05-08,196.28271484375,433.0859375,117.07474517822266,137.90640258789062
2025-05-09,197.31634521484375,433.63946533203125,116.3565673828125,137.95570373535156
2025-05-12,209.776123046875,444.04730224609375,122.69058227539062,143.07395935058594
2025-05-13,211.90585327148438,443.9287109375,129.60313415527344,143.48814392089844
2025-05-14,211.30873107910156,447.6845703125,134.99952697753906,144.08970642089844
2025-05-15,210.4329376220703,448.6946105957031,134.4907989501953,144.45457458496094
2025-05-16,210.24388122558594,449.82342529296875,135.05938720703125,145.80564880371094
2025-05-20,205.86505126953125,453.6852722167969,134.04196166992188,144.76028442382812
2025-05-21,201.11798095703125,448.14007568359375,131.46844482421875,141.88067626953125
2025-05-22,200.3914794921875,450.40765380859375,132.495849609375,141.8017578125
2025-05-23,194.33078002929688,445.7734680175781,130.959716796875,139.45468139648438
2025-05-27,199.24703979492188,456.18060302734375,135.1591339111328,143.27117919921875
2025-05-28,199.4560089111328,452.8832092285156,134.47085571289062,142.74851989746094
2025-05-29,198.98828125,454.1902770996094,138.83984375,142.97532653808594
2025-05-30,199.8839569091797,455.8537902832031,134.79005432128906,141.95956420898438
2025-06-02,200.7298583984375,457.4480895996094,137.03440856933594,142.50196838378906
2025-06-03,202.29232788085938,458.4382629394531,140.86474609375,143.52757263183594
2025-06-04,201.844482421875,459.3294982910156,141.56297302246094,143.13311767578125
2025-06-05,199.66500854492188,463.1022033691406,139.63783264160156,142.07791137695312
2025-06-06,202.93917846679688,465.7757873535156,141.36349487304688,144.0009307861328
2025-06-09,200.48106384277344,468.1225891113281,142.27122497558594,143.98121643066406
2025-06-10,201.69517517089844,466.3104553222656,143.59788513183594,144.7109832763672
2025-06-11,197.8238983154297,467.99383544921875,142.4805908203125,144.29678344726562
2025-06-12,198.24188232421875,474.1826171875,144.64527893066406,144.0995635986328
2025-06-13,195.50509643554688,470.3109130859375,141.62269592285156,142.26527404785156
2025-06-16,197.4656524658203,474.45001220703125,144.33602905273438,143.58676147460938
2025-06-17,194.69900512695312,473.3608093261719,143.76742553710938,143.13311767578125
2025-06-18,195.6344757080078,475.53924560546875,145.1240997314453,143.6360626220703
2025-06-20,200.03321838378906,472.72705078125,143.4980926513672,143.7248077392578
2025-06-23,200.5308074951172,481.24285888671875,143.8173065185547,145.06600952148438
2025-06-24,199.33657836914062,485.3126220703125,147.53817749023438,146.6241455078125
2025-06-25,200.5905303955078,487.45147705078125,153.93247985839844,146.59457397460938
2025-06-26,200.03321838378906,492.580810546875,154.64076232910156,146.86082458496094
2025-06-27,200.1128387451172,491.0855712890625,157.36407470703125,148.22177124023438
2025-06-30,204.18316650390625,492.5411682128906,157.603515625,148.1614532470703
2025-07-02,211.418212890625,486.28302001953125,156.8653106689453,148.29000854492188
2025-07-03,212.5228729248047,493.9571838378906,158.95021057128906,149.42686462402344
2025-07-07,208.94017028808594,492.8481140136719,157.8529052734375,149.2587890625
2025-07-08,208.9998779296875,491.7588806152344,159.60858154296875,149.34779357910156
2025-07-09,210.12445068359375,498.5815124511719,162.48155212402344,150.23751831054688
2025-07-10,211.38833618164062,496.5713195800781,163.69854736328125,150.45498657226562
2025-07-11,210.1443634033203,498.393310546875,164.51654052734375,150.17820739746094
2025-07-14,207.61656188964844,498.09625244140625,163.66864013671875,150.59341430664062
2025-07-15,208.10421752929688,500.86883544921875,170.28240966796875,150.22763061523438
2025-07-16,209.149169921875,500.67083740234375,170.9507598876953,150.2671661376953
2025-07-17,209.00985717773438,506.6912841796875,172.57676696777344,151.77972412109375
2025-07-18,210.1642303466797,505.05743408203125,171.9882354736328,151.55233764648438
2025-07-21,211.45799255371094,505.06732177734375,170.96075439453125,151.31509399414062
2025-07-22,213.36875915527344,500.32421875,166.6213836669922,150.50445556640625
2025-07-23,213.11996459960938,500.9183654785156,170.36221313476562,151.62156677246094
2025-07-24,212.73184204101562,505.8793640136719,173.3149871826172,152.26414489746094
2025-07-25,212.8512725830078,508.6816711425781,173.0755615234375,153.5987548828125
2025-07-28,213.0204620361328,507.4834289550781,176.317626953125,153.90521240234375
2025-07-29,210.2538299560547,507.55279541015625,175.0806427001953,153.96453857421875
2025-07-30,208.04449462890625,508.2162170410156,178.83145141601562,154.42919921875
2025-07-31,206.57162475585938,528.2779541015625,177.4348602294922,154.1326141357422
2025-08-01,201.40660095214844,518.9797973632812,173.29502868652344,150.9888458251953
2025-08-05,201.94400024414062,522.5841674804688,177.82391357421875,152.1751708984375
2025-08-06,212.22430419921875,519.8016967773438,178.98106384277344,152.926513671875
2025-08-07,218.97171020507812,515.7418212890625,180.32777404785156,152.85731506347656
2025-08-08,228.2468719482422,516.9300537109375,182.2530517578125,154.15235900878906
2025-08-11,226.34388732910156,516.6627197265625,181.6146240234375,154.15235900878906
2025-08-12,228.80479431152344,524.0595703125,182.71192932128906,155.813232421875
2025-08-13,232.47125244140625,515.484375,181.14576721191406,156.12957763671875
2025-08-14,231.9232940673828,517.36572265625,181.57472229003906,156.7721710205078
2025-08-15,230.73764038085938,515.078369140625,180.00857543945312,156.35696411132812
2025-08-18,230.04022216796875,512.0383911132812,181.5647430419922,156.26800537109375
2025-08-19,229.71144104003906,504.78021240234375,175.2103271484375,156.0504913330078
2025-08-20,225.17819213867188,500.76983642578125,174.97091674804688,155.7242431640625
2025-08-21,224.072265625,500.1251220703125,174.5519256591797,155.48699951171875
2025-08-22,226.9217529296875,503.09075927734375,177.55458068847656,156.94021606445312
2025-08-25,226.323974609375,500.1449890136719,179.3701171875,156.6930694580078
2025-08-26,228.46604919433594,497.9430847167969,181.32533264160156,157.04896545410156
2025-08-27,229.64170837402344,502.6047058105469,181.15576171875,156.8907928466797
2025-08-28,231.7041015625,505.4810485839844,179.729248046875,157.01931762695312
2025-08-29,231.28562927246094,502.5551452636719,173.75389099121094,155.66494750976562
2025-09-02,228.8745574951172,500.9979248046875,170.36221313476562,155.2991485595703
2025-09-03,237.59234619140625,501.22607421875,170.20262145996094,156.2086639404297
2025-09-04,238.89752197265625,503.8247375488281,171.2400665283203,157.84974670410156
2025-09-05,238.80784606933594,490.9605712890625,166.61141967773438,157.69155883789062
2025-09-08,237.0045166015625,494.1344299316406,167.8982696533203,157.58282470703125
2025-09-09,233.4875030517578,494.34271240234375,170.34226989746094,158.5615234375
2025-09-10,225.955322265625,496.2867431640625,176.89617919921875,159.1250457763672
2025-09-11,229.1833953857422,496.9215087890625,176.74655151367188,160.08396911621094
2025-09-12,233.20855712890625,505.73895263671875,177.39498901367188,160.17294311523438
2025-09-15,235.82884216308594,511.15435791015625,177.32516479492188,160.08396911621094
2025-09-16,237.2735137939453,504.8859558105469,174.46202087402344,159.61935424804688
2025-09-17,238.1104278564453,505.8579406738281,169.88299560546875,159.64898681640625
2025-09-18,237.0045166015625,504.30078125,175.81878662109375,160.76609802246094
2025-09-19,244.59645080566406,513.703369140625,176.24774169921875,161.4185791015625
2025-09-22,255.13751220703125,510.2518310546875,183.17115783691406,162.62466430664062
2025-09-23,253.49359130859375,505.0744323730469,178.0035400390625,161.9128875732422
2025-09-24,251.3813934326172,505.9869079589844,176.54702758789062,162.15016174316406
2025-09-25,255.9246063232422,502.8923645019531,177.2653045654297,161.8337860107422
2025-09-26,254.51980590820312,507.28619384765625,177.7641143798828,162.6840057373047
2025-09-29,253.49359130859375,510.40057373046875,181.41537475585938,162.82962036132812
2025-09-30,253.69287109375,513.7232666015625,186.13406372070312,163.47366333007812
2025-10-01,254.50985717773438,515.4689331054688,186.79248046875,164.38522338867188
2025-10-02,256.18365478515625,511.53131103515625,188.4385528564453,164.75180053710938
2025-10-03,257.07037353515625,513.1281127929688,187.1715545654297,164.5833740234375
2025-10-06,255.74530029296875,524.256591796875,185.09654235839844,165.21749877929688
2025-10-07,255.5360565185547,519.7039794921875,184.5977325439453,164.5635528564453
2025-10-08,257.1102294921875,520.5669555664062,188.6580047607422,165.62371826171875
2025-10-09,253.1050262451172,518.136962890625,192.1097412109375,165.89122009277344
2025-10-10,244.3673095703125,506.790283203125,182.72222900390625,161.33351135253906
2025-10-14,246.8581085205078,509.37896728515625,179.59971618652344,163.99879455566406
2025-10-15,248.4223175048828,509.2401123046875,179.4001922607422,164.72207641601562
2025-10-16,246.53927612304688,507.4349670410156,181.37545776367188,163.68173217773438
2025-10-17,251.36146545410156,509.38897705078125,182.7821044921875,164.14743041992188
2025-10-20,261.27484130859375,512.5726318359375,182.20347595214844,166.1092071533203
2025-10-21,261.8028869628906,513.4356079101562,180.72702026367188,165.92095947265625
2025-10-22,257.4988098144531,516.2921142578125,179.84910583496094,164.74191284179688
2025-10-23,258.6246032714844,516.3118896484375,181.72463989257812,165.6534423828125
2025-10-24,261.85272216796875,519.3370971679688,185.81480407714844,167.12974548339844
2025-10-27,267.8206787109375,527.1825561523438,191.03233337402344,169.1311798095703
2025-10-28,268.0099792480469,537.6464233398438,200.54953002929688,168.8735809326172
2025-10-29,268.7073974609375,537.130615234375,206.545166015625,169.04202270507812
2025-10-30,270.401123046875,521.4695434570312,202.4050750732422,167.78369140625
2025-10-31,269.37493896484375,513.5844116210938,202.0060272216797,168.71502685546875
2025-11-03,268.05975341796875,512.810791015625,206.3855438232422,169.2302703857422
2025-11-04,269.0461730957031,510.1328430175781,198.21511840820312,167.77377319335938
2025-11-05,269.14581298828125,503.02130126953125,194.74343872070312,168.56642150878906
2025-11-06,268.7771301269531,493.0434265136719,187.63047790527344,166.76315307617188
2025-11-07,267.48193359375,492.7657165527344,187.70030212402344,166.02996826171875
2025-11-10,268.6986083984375,501.8707580566406,198.5742645263672,168.38807678222656
2025-11-11,274.5028076171875,504.5289001464844,192.69833374023438,168.6754150390625
2025-11-12,272.7276306152344,506.9688720703125,193.33680725097656,168.66549682617188
2025-11-13,272.2090759277344,499.1828918457031,186.4133758544922,166.2677459716797
2025-11-14,271.6705017089844,506.0166320800781,189.71546936035156,166.02005004882812
2025-11-17,266.73394775390625,503.34857177734375,186.1540069580078,164.94996643066406
2025-11-18,266.71405029296875,489.76043701171875,180.926513671875,162.78009033203125
2025-11-19,267.8309631347656,483.14483642578125,186.07418823242188,164.3158416748047
2025-11-20,265.5272521972656,475.41387939453125,180.208251953125,162.2549591064453
2025-11-21,270.75299072265625,469.1436462402344,178.45245361328125,163.71145629882812
2025-11-24,275.1710205078125,471.0118103027344,182.1136932373047,166.35690307617188
2025-11-25,276.2181701660156,473.98297119140625,177.39498901367188,167.91249084472656
2025-11-26,276.79656982421875,482.4393310546875,179.8291473388672,168.378173828125
2025-11-28,278.0930480957031,488.9082946777344,176.5769500732422,168.5168914794922
2025-12-01,282.3315124511719,483.6714782714844,179.489990234375,167.80349731445312
2025-12-02,285.4131164550781,486.91094970703125,181.02630615234375,168.0016632080078
2025-12-03,283.378662109375,474.7182922363281,179.1607666015625,168.2196502685547
2025-12-04,279.9380187988281,477.8087158203125,182.95188903808594,168.44752502441406
2025-12-05,278.02325439453125,480.11407470703125,181.98416137695312,167.20901489257812
2025-12-08,277.1356506347656,487.92449951171875,185.1168212890625,166.9811248779297
2025-12-09,276.4275817871094,488.918212890625,184.53819274902344,166.79286193847656
2025-12-10,278.02325439453125,475.5430603027344,183.3509521484375,167.29818725585938
2025-12-11,277.2752685546875,480.4221496582031,180.50759887695312,167.3477325439453
2025-12-12,277.5246276855469,475.5132751464844,174.61141967773438,165.66334533691406
2025-12-15,273.3658752441406,471.82666015625,175.87843322753906,165.4552764892578
2025-12-16,273.8645324707031,473.38677978515625,177.3050994873047,164.70225524902344
2025-12-17,271.10205078125,473.1184387207031,170.5409393310547,163.23587036132812
2025-12-18,271.4511413574219,480.9289245605469,173.73345947265625,164.40501403808594
2025-12-19,272.9271240234375,482.856689453125,180.56747436523438,166.02005004882812
2025-12-22,270.23443603515625,481.86297607421875,183.26116943359375,166.49562072753906
2025-12-23,271.62066650390625,483.7807922363281,188.76829528808594,166.54515075683594
2025-12-24,273.06671142578125,484.94342041015625,188.169677734375,166.85231018066406
2025-12-29,273.0168762207031,484.02923583984375,187.7805938720703,166.50555419921875
2025-12-30,272.33868408203125,484.4068603515625,187.10218811035156,166.37940979003906
2025-12-31,271.12200927734375,480.5711669921875,186.06460571289062,165.4756622314453
2026-01-02,270.2743225097656,469.95849609375,188.4091339111328,165.93251037597656
2026-01-05,266.5345153808594,469.86907958984375,187.6808319091797,167.26329040527344
2026-01-06,261.6477966308594,475.4933776855469,186.8029022216797,168.9317626953125
2026-01-07,259.623291015625,480.4221496582031,188.66851806640625,168.9416961669922
2026-01-08,258.3368225097656,475.0959167480469,184.60800170898438,169.00128173828125
2026-01-09,258.6659240722656,476.258544921875,184.42843627929688,170.71939086914062
2026-01-12,259.54351806640625,474.1717529296875,184.5082550048828,170.5704345703125
2026-01-13,260.3413391113281,467.70281982421875,185.376220703125,170.27249145507812
2026-01-14,259.25433349609375,456.4840087890625,182.7124481201172,169.4779815673828
2026-01-15,257.5090637207031,453.7811279296875,186.6133270263672,170.02420043945312
2026-01-16,254.8363494873047,456.9609375,185.7952423095703,170.16323852539062
2026-01-20,246.0303192138672,451.65460205078125,177.65428161621094,165.6345672607422
2026-01-21,246.97775268554688,441.3102111816406,182.8920440673828,167.54136657714844
2026-01-22,247.67584228515625,448.29595947265625,184.40847778320312,167.88897705078125
2026-01-23,247.36668395996094,463.0125732421875,187.23187255859375,166.91571044921875
2026-01-26,254.7166748046875,467.3152770996094,186.03466796875,167.91876220703125
2026-01-27,257.5688781738281,477.5503234863281,188.07989501953125,167.0249481201172
2026-01-28,255.743896484375,478.5937194824219,191.0728759765625,166.64756774902344
2026-01-29,257.5788879394531,430.76715087890625,192.06057739257812,165.55511474609375
2026-01-30,258.775634765625,427.577392578125,190.68380737304688,166.48866271972656
2026-02-02,269.2770690917969,420.70098876953125,185.1766815185547,168.1074676513672
2026-02-03,268.7485046386719,408.61767578125,179.91897583007812,166.29995727539062
2026-02-04,275.7394104003906,411.5788879394531,173.78335571289062,165.74380493164062
2026-02-05,275.1610412597656,391.1882629394531,171.47874450683594,164.24417114257812
2026-02-06,277.364990234375,398.6111755371094,184.97715759277344,166.93556213378906
2026-02-09,274.13079833984375,410.99261474609375,189.59634399414062,166.42906188964844
2026-02-10,273.19244384765625,410.6646423339844,188.09983825683594,165.84312438964844
2026-02-11,275.00921630859375,401.8207702636719,189.60633850097656,166.07154846191406
2026-02-12,261.2637634277344,399.3067626953125,186.50360107421875,163.9661102294922
2026-02-13,255.32435607910156,398.7900085449219,182.38320922851562,164.11508178710938
2026-02-17,263.4099426269531,394.3581237792969,184.53819274902344,164.56198120117188
2026-02-18,263.8791198730469,397.0808410644531,187.5411376953125,166.09141540527344
2026-02-19,260.11578369140625,396.8517761230469,187.46131896972656,165.73388671875
2026-02-20,264.1086730957031,395.6267395019531,189.37686157226562,166.76673889160156
2026-02-23,265.705810546875,382.9182434082031,191.10281372070312,165.2373046875
2026-02-24,271.6552429199219,387.429931640625,192.39979553222656,166.48866271972656
2026-02-25,273.74151611328125,398.9831237792969,195.10345458984375,167.62081909179688
2026-02-26,272.4637756347656,400.0986022949219,184.4583740234375,166.68728637695312
2026-02-27,263.70941162109375,391.15484619140625,176.77633666992188,165.4756622314453
2026-03-02,264.2484130859375,396.9413757324219,182.05397033691406,165.99209594726562
2026-03-03,263.2801818847656,402.2996826171875,179.62966918945312,164.5222625732422
2026-03-04,262.0523376464844,403.5645751953125,182.61268615722656,165.3564910888672
2026-03-05,259.8263244628906,409.0224304199219,182.91197204589844,164.69110107421875
2026-03-06,257.0013427734375,407.30938720703125,177.40487670898438,161.70176696777344
2026-03-09,259.41705322265625,407.757568359375,182.2235870361328,162.8736572265625
2026-03-10,260.3653564453125,404.122314453125,184.33865356445312,162.8736572265625
2026-03-11,260.34539794921875,403.245849609375,185.60574340820312,162.4168243408203
2026-03-12,255.3043975830078,400.2380065917969,182.7223358154297,160.47027587890625
2026-03-13,249.6744384765625,393.9534912109375,179.8389434814453,160.68878173828125
2026-03-16,252.36964416503906,398.33575439453125,182.80215454101562,161.7911376953125
2026-03-17,253.77711486816406,397.7979431152344,181.51510620117188,162.38702392578125
2026-03-18,249.49476623535156,390.20867919921875,179.98858642578125,160.47027587890625
2026-03-19,248.5165252685547,387.4498596191406,178.15277099609375,160.29150390625
2026-03-20,247.54823303222656,380.3287048339844,172.30615234375,157.6398468017578
2026-03-23,251.04200744628906,381.4541931152344,175.23944091796875,159.5764617919922
2026-03-24,251.1917266845703,371.2355651855469,174.80044555664062,159.32815551757812
2026-03-25,252.16998291015625,369.5424499511719,178.2725067138672,160.73843383789062
2026-03-26,252.43951416015625,364.4928894042969,170.8494873046875,158.47409057617188
2026-03-27,248.35679626464844,355.3300476074219,167.13796997070312,156.03839111328125
2026-03-30,246.19065856933594,357.5111999511719,164.79331970214844,156.008544921875
2026-03-31,253.33790588378906,368.67596435546875,174.00225830078125,160.310302734375
2026-04-01,255.1746368408203,367.8791809082031,175.34918212890625,161.14674377441406
2026-04-02,255.464111328125,371.9526672363281,176.98545837402344,161.72430419921875
2026-04-06,258.39886474609375,371.3750305175781,177.23487854003906,162.37155151367188
2026-04-07,253.0484161376953,370.78741455078125,177.69383239746094,162.31179809570312
2026-04-08,258.4388122558594,372.8191223144531,181.66476440429688,165.69744873046875
2026-04-09,260.0259704589844,371.5642395019531,183.4906005859375,166.434326171875
2026-04-10,260.0159912109375,369.37310791015625,188.1998291015625,166.55381774902344
2026-04-13,258.73828125,382.8186340332031,188.87826538085938,167.58944702148438
2026-04-14,258.3689270019531,391.5233459472656,196.0618438720703,169.3718719482422
2026-04-15,265.95538330078125,409.5602722167969,198.41647338867188,170.3377685546875
2026-04-16,262.9307861328125,418.56378173828125,197.8976593017578,170.4174346923828
2026-04-17,269.7486267089844,421.0835876464844,201.2200469970703,172.25962829589844
2026-04-20,272.5635681152344,416.38262939453125,201.59918212890625,171.36343383789062
2026-04-21,265.69586181640625,422.4480285644531,199.42417907714844,170.46722412109375
2026-04-22,272.68341064453125,431.1726989746094,202.03819274902344,172.3193817138672
2026-04-23,272.9429016113281,414.0719909667969,199.18470764160156,171.9907684326172
2026-04-24,270.5771179199219,422.90618896484375,207.79502868652344,172.8670654296875
2026-04-27,267.1332702636719,423.1053771972656,216.1160125732422,172.7375946044922
2026-04-28,270.2277526855469,427.5174865722656,212.68385314941406,172.52847290039062
2026-04-29,269.688720703125,422.746826171875,208.77279663085938,172.46875
2026-04-30,270.86663818359375,406.1341552734375,199.1148681640625,173.076171875
2026-05-01,279.6409912109375,412.76727294921875,197.9974365234375,173.55413818359375
2026-05-04,276.3368225097656,411.9505615234375,198.02734375,173.19564819335938
2026-05-05,283.67376708984375,409.7196044921875,196.05186462402344,174.71920776367188
2026-05-06,286.99786376953125,412.2891845703125,207.3560333251953,177.3181915283203
2026-05-07,286.927978515625,419.07171630859375,211.01766967773438,177.04933166503906
2026-05-08,292.7974853515625,413.44451904296875,214.709228515625,178.6624755859375
2026-05-11,292.42779541015625,410.99444580078125,218.93955993652344,179.1304931640625
2026-05-12,294.54595947265625,406.1241760253906,220.27650451660156,179.2001953125
2026-05-13,298.6124572753906,403.57452392578125,225.3149871826172,180.24575805664062
2026-05-14,297.9530334472656,407.7774658203125,235.202392578125,181.90870666503906
2026-05-15,299.9713134765625,420.2170715332031,224.80615234375,180.0764923095703
2026-05-19,298.7123718261719,415.7352600097656,220.1068878173828,178.7122802734375
2026-05-20,301.98956298828125,419.36053466796875,222.9603729248047,180.4947052001953
2026-05-21,304.7271728515625,418.3025207519531,219.0093994140625,181.41082763671875
2026-05-22,308.55389404296875,417.7835388183594,214.83892822265625,182.426513671875
2026-05-26,308.0643005371094,415.248291015625,214.37001037597656,183.57167053222656
2026-05-27,310.5821533203125,411.8946228027344,212.1151580810547,183.9102325439453
2026-05-28,312.24072265625,426.18768310546875,213.7613983154297,184.33840942382812
2026-05-29,311.7911071777344,449.3940124511719,210.6584930419922,184.82635498046875
2026-06-01,306.0460510253906,459.6546936035156,223.8483428955078,185.9017791748047
2026-06-02,314.92840576171875,440.48077392578125,222.3118438720703,186.170654296875
2026-06-03,309.9926452636719,426.53704833984375,214.26025390625,185.8320770263672
2026-06-04,310.9618225097656,427.2456970214844,218.4156036376953,186.5191650390625
2026-06-05,307.0751647949219,415.8870849609375,204.87075805664062,182.12777709960938
2026-06-08,301.2801818847656,410.9663391113281,208.40679931640625,182.72525024414062
2026-06-09,290.29962158203125,402.6520080566406,207.95730590820312,182.1875457763672
2026-06-10,291.3287353515625,396.61334228515625,200.19598388671875,179.2400360107422
2026-06-11,295.375244140625,389.6065673828125,204.64100646972656,182.43649291992188
2026-06-12,290.879150390625,390.00579833984375,204.96066284179688,183.79074096679688
2026-06-15,296.1645812988281,399.0088806152344,212.21253967285156,186.9871826171875
2026-06-16,298.9821472167969,393.0899963378906,207.1781768798828,186.01132202148438
2026-06-17,295.6949768066406,378.1980285644531,204.42124938964844,185.3640594482422
2026-06-18,297.7532043457031,378.6871032714844,210.4545135498047,187.6045684814453
2026-06-22,296.75408935546875,366.6497802734375,208.41677856445312,187.1763916015625
2026-06-23,294.04638671875,373.23736572265625,199.81640625,185.21470642089844
2026-06-24,292.8274230957031,364.7733154296875,198.77757263183594,185.1947784423828
2026-06-25,274.91290283203125,352.1670227050781,195.52122497558594,184.71681213378906
2026-06-26,283.53546142578125,372.2691955566406,192.31480407714844,183.9833526611328
2026-06-29,281.4972229003906,367.8774719238281,194.7520751953125,186.94711303710938
2026-06-30,289.11065673828125,372.319091796875,199.86634826660156,187.97496032714844
2026-07-02,308.3640441894531,389.7562561035156,194.61224365234375,187.55584716796875
2026-07-06,312.3905944824219,386.0133056640625,195.33143615722656,189.5416717529297
2026-07-07,310.3923034667969,388.109375,196.7098846435547,188.33419799804688
2026-07-08,313.1199645996094,382.6197204589844,203.891845703125,187.54586791992188
2026-07-09,315.947509765625,383.6377868652344,202.5533447265625,189.10260009765625
2026-07-10,315.0483093261719,384.37640380859375,210.72421264648438,189.6913604736328
2026-07-13,317.03656005859375,390.2553405761719,203.30250549316406,188.2743377685547
2026-07-14,314.58868408203125,384.20672607421875,211.5632781982422,187.92507934570312
2026-07-15,327.2178039550781,394.8866271972656,212.26248168945312,188.09471130371094
2026-07-16,332.97283935546875,400.3463439941406,207.16818237304688,187.2365264892578
2026-07-17,333.452392578125,393.08001708984375,202.58331298828125,184.86151123046875
2026-07-20,326.3085632324219,401.53411865234375,203.05279541015625,185.2606658935547
2026-07-21,327.45758056640625,397.00262451171875,207.0583038330078,187.40615844726562
2026-07-22,325.60919189453125,389.6065673828125,211.82298278808594,186.93714904785156
2026-07-23,321.3828430175781,380.8630065917969,208.5266571044922,184.59207153320312
2026-07-24,332.7330322265625,380.9828186035156,206.6088104248047,184.82159423828125
2026-07-27,336.61968994140625,388.368896484375,196.2903594970703,185.24070739746094
2026-07-28,339.78692626953125,392.61090087890625,196.789794921875,185.6099395751953
2026-07-29,337.8985900878906,389.8061828613281,189.79762268066406,182.0474090576172
2026-07-30,333.1426696777344,450.2524108886719,194.82199096679688,184.33262634277344
2026-07-31,308.6438293457031,463.8468017578125,200.52561950683594,185.89932250976562
2026-08-04,309.1134033203125,491.884033203125,211.70310974121094,192.89462280273438
2026-08-05,310.7320251464844,486.5440673828125,218.9749755859375,191.60733032226562
2026-08-06,312.14080810546875,498.9207458496094,218.7452392578125,191.2181396484375
2026-08-07,313.05999755859375,499.0505065917969,223.70968627929688,191.41773986816406
2026-08-10,308.260009765625,505.109130859375,217.3068389892578,191.26803588867188
2026-08-11,304.9100036621094,502.86334228515625,217.25689697265625,190.48968505859375
2026-08-12,302.25,491.5047302246094,223.8395233154297,191.2181396484375
2026-08-13,305.260009765625,495.9463806152344,225.04818725585938,192.29588317871094
2026-08-14,305.92999267578125,494.4691467285156,224.90834045410156,191.23809814453125
2026-08-17,305.5899963378906,479.44744873046875,224.7584991455078,190.33001708984375
2026-08-18,310.0299987792969,480.72503662109375,219.49440002441406,189.3021697998047
2026-08-19,316.8299865722656,483.3999938964844,217.31683349609375,188.53378295898438
2026-08-20,311.29998779296875,481.1499938964844,216.60763549804688,186.6876678466797
2026-08-21,309.3500061035156,483.239990234375,214.48001098632812,187.2065887451172
2026-08-24,310.3399963378906,487.30999755859375,208.24697875976562,187.69554138183594
2026-08-25,309.8999938964844,491.7099914550781,212.81187438964844,188.04481506347656
2026-08-26,313.45001220703125,496.3699951171875,209.4256591796875,188.65353393554688
2026-08-27,314.5799865722656,505.05999755859375,227.7251739501953,189.7013397216797
2026-08-28,319.70001220703125,513.530029296875,217.3068389892578,189.9807586669922
2026-08-31,316.8500061035156,507.2900085449219,220.53323364257812,188.7633056640625
